director_id,movie_id
0,0
0,26
0,288
0,291
0,606
0,2486
0,3575
1,1
1,13
1,14
1,181
1,205
1,1219
1,2278
2,2
2,30
2,457
2,574
2,1114
2,2144
2,2606
2,3493
3,3
3,66
3,96
3,97
3,120
3,1066
3,1233
3,3716
4,4
5,5
5,58
5,338
6,6
6,31
6,38
6,161
6,993
6,1560
6,1646
6,2509
6,3056
6,3461
6,4003
6,4778
6,4813
7,7
8,8
8,17
8,794
8,1334
9,9
9,63
9,114
9,137
10,10
10,15
10,165
10,312
10,564
10,709
10,1759
10,4401
11,11
11,47
11,49
11,65
11,210
11,370
11,526
11,3592
12,12
12,46
12,1651
12,1726
12,1898
12,2259
12,3892
12,4761
16,16
16,64
16,582
16,927
16,2001
18,18
18,417
18,497
18,945
18,1585
19,19
19,71
19,152
19,352
19,1131
19,1584
19,1596
20,20
20,23
20,25
20,99
20,270
20,337
20,339
20,340
20,2049
20,3775
20,4584
20,4694
21,21
21,39
21,3468
22,22
22,159
22,227
22,275
22,278
22,283
22,290
22,330
22,641
22,974
22,1358
22,1498
22,1640
22,1777
22,2011
22,3277
22,3891
24,24
24,926
24,1616
24,1810
24,3202
27,27
27,86
27,897
27,3000
28,28
28,116
28,415
28,570
28,1194
28,3164
29,29
29,4677
32,32
32,2721
33,33
33,118
33,134
33,287
33,441
33,488
33,602
33,1333
33,1400
33,1642
33,2177
33,2449
33,2623
33,3163
33,3908
33,4128
34,34
34,59
34,314
34,355
34,407
34,512
34,590
34,732
34,830
34,1910
35,35
36,36
36,37
36,53
36,111
36,112
36,151
36,190
36,280
36,528
36,970
36,1848
36,2052
36,2105
40,40
40,235
40,2499
40,4690
41,41
41,353
41,583
41,1095
41,1588
42,42
42,286
42,484
42,539
42,661
42,717
42,781
42,809
42,2944
43,43
44,44
44,226
44,360
44,674
44,684
44,1779
45,45
45,1196
45,2163
45,2293
45,3696
45,4413
45,4485
48,48
48,141
48,160
48,936
50,50
50,196
50,903
50,2757
50,3476
51,51
51,115
51,669
51,1132
51,1436
51,1535
51,3843
52,52
52,433
52,750
52,892
52,2551
54,54
54,178
54,189
54,194
54,284
54,373
54,523
54,536
54,545
54,589
54,604
54,648
54,653
54,697
54,911
54,1039
54,1224
54,1248
54,1556
54,1749
54,1874
54,2152
54,2154
54,2611
54,2917
54,3080
55,55
56,56
57,57
57,211
57,418
57,4750
57,4855
60,60
60,92
60,142
60,219
60,253
60,522
60,1814
60,4303
61,61
61,91
61,153
61,356
61,375
61,396
61,836
61,860
61,1188
61,1201
61,1496
61,1576
61,2363
62,62
62,124
62,126
62,232
62,654
62,3848
67,67
67,78
67,238
68,68
68,258
68,815
68,4569
69,69
69,79
69,80
69,682
69,1540
69,1805
69,3767
70,70
70,257
70,308
70,326
70,361
70,452
70,920
70,1281
70,1411
70,1513
70,1562
70,1790
70,1903
70,2425
70,2794
70,3100
70,3501
70,4535
70,4550
70,5001
72,72
72,100
72,164
72,395
72,493
72,585
72,829
72,1332
72,1461
72,2640
72,3898
73,73
73,470
73,1492
73,2225
73,2638
73,4277
73,5012
74,74
74,436
74,795
74,841
74,933
74,1070
74,2924
75,75
75,255
75,432
75,716
75,1022
75,3561
75,4896
76,76
76,929
76,1230
76,2213
76,2337
77,77
77,325
77,1127
77,3560
81,81
82,82
83,83
83,1882
83,2282
83,3393
85,85
87,87
87,448
87,1417
87,2398
88,88
88,119
88,155
88,349
88,1008
89,89
90,90
93,93
93,162
93,443
94,94
94,491
94,702
94,1383
95,95
95,2599
95,4208
98,98
98,204
101,101
101,364
101,434
101,683
101,715
101,866
101,975
101,1043
101,1197
101,1600
102,102
102,610
102,1772
102,3567
103,103
103,117
103,186
103,207
103,1345
104,104
104,300
104,667
104,873
104,1541
104,1764
104,2769
105,105
105,147
105,221
105,399
105,957
105,1815
105,2970
106,106
106,886
106,1088
107,107
107,191
108,108
108,1552
108,3768
109,109
109,127
110,110
110,172
110,1349
110,1355
110,2312
110,2616
113,113
113,607
113,668
113,734
113,1108
113,1125
113,1217
113,1258
113,1870
113,2534
113,2768
113,3582
113,3852
113,3924
121,121
121,148
121,182
121,524
121,726
122,122
122,200
122,250
122,265
122,467
122,823
122,846
122,1193
122,2205
122,2368
122,2628
122,2798
123,123
123,268
123,1801
123,4101
125,125
128,128
128,175
128,397
128,500
128,3110
128,3722
128,4254
128,4895
129,129
129,208
129,218
129,320
129,391
129,508
129,587
129,612
129,655
129,804
129,1373
129,1739
129,3360
130,130
130,336
130,760
130,1831
130,2454
130,3296
130,3374
130,4141
130,4282
131,131
132,132
133,133
133,245
133,601
133,2548
133,2820
133,3471
135,135
135,739
135,3299
135,4446
136,136
136,171
136,344
136,513
138,138
139,139
140,140
140,197
140,562
140,579
140,581
140,595
140,745
140,1181
140,3797
143,143
143,481
144,144
144,696
144,2102
144,2405
145,145
145,303
145,786
145,1040
145,1638
145,1658
145,1776
145,3879
146,146
146,228
146,276
146,374
146,864
149,149
149,490
149,790
149,1751
149,2369
150,150
150,1159
150,1545
150,1582
150,1955
154,154
156,156
157,157
157,446
157,1086
157,2698
158,158
158,307
158,609
158,1069
158,1611
158,1688
158,1713
158,2418
163,163
163,274
163,950
163,1328
163,1816
166,166
166,469
166,498
166,840
166,999
166,1115
166,1402
166,1500
166,1543
166,1894
166,2247
166,4150
167,167
167,223
167,1506
167,1757
167,2442
167,2535
167,2605
167,2819
168,168
168,380
168,1649
168,2478
168,2834
169,169
169,501
169,2372
170,170
173,173
173,719
173,2539
173,2926
174,174
174,187
174,542
174,1876
174,3055
174,3999
176,176
176,213
176,534
176,1149
176,1559
176,2140
176,2650
179,180
182,183
182,225
182,322
182,398
182,845
182,2416
182,4781
183,184
183,516
184,185
184,913
184,941
184,3093
187,188
187,442
187,3010
187,4752
191,192
191,381
191,699
191,1042
191,1082
191,1920
191,2277
191,2806
191,3504
192,193
192,1514
192,2835
192,3595
192,3849
192,4973
197,198
198,199
198,206
200,201
201,202
201,285
201,351
201,372
201,385
201,943
201,1273
201,1867
201,2153
201,2436
201,2601
202,203
202,256
202,264
202,733
202,852
202,1330
208,209
208,358
208,384
208,529
211,212
211,366
211,548
211,2452
211,3017
211,3117
211,3216
211,4458
213,214
213,310
213,376
213,656
213,1289
213,2118
214,215
214,365
214,416
214,620
214,1003
214,1058
214,1249
214,1593
214,1754
214,2406
215,216
215,774
215,2127
216,217
216,309
216,613
216,880
216,1080
216,1192
216,1257
216,1554
216,1827
216,1841
216,2525
216,3036
216,3331
219,220
219,243
219,455
219,666
219,754
219,1338
221,222
221,1210
221,1886
221,2023
221,2921
221,2922
223,224
223,2248
228,229
228,1041
228,1601
229,230
229,1360
229,2056
229,2789
232,233
232,549
232,932
233,234
233,239
233,1049
233,1052
233,1735
233,1763
233,2034
233,2636
235,236
235,237
235,240
235,3024
235,4674
240,241
240,1395
243,244
246,247
246,492
246,1419
246,1993
246,2222
246,2375
246,2678
247,248
247,2861
248,249
248,389
248,2932
250,251
250,431
250,510
251,252
251,435
251,2330
251,2989
253,254
253,400
253,411
253,742
253,937
253,1038
253,1054
253,1569
253,1668
253,2065
253,2095
253,3192
253,3470
253,4279
253,4484
253,4905
258,259
258,2223
258,2284
258,4072
259,261
260,262
260,266
260,427
260,1526
260,1877
260,2162
261,263
261,624
265,267
265,379
265,394
265,465
265,1589
267,269
267,1145
267,2093
269,271
269,429
269,474
269,821
269,1104
269,1161
269,2050
269,3587
270,272
270,289
270,625
270,639
270,736
270,1211
271,273
275,277
275,315
275,1747
277,279
279,281
279,1227
279,1608
279,1766
279,4960
280,282
280,483
280,1489
290,292
290,354
290,382
290,409
290,728
290,746
290,850
290,879
290,1024
290,2156
290,2604
290,2898
291,293
291,1304
291,1849
291,2517
291,2878
291,2918
292,294
292,571
292,660
292,934
292,1756
292,1902
293,295
293,737
293,1274
293,2392
293,2470
293,3703
294,296
294,588
294,706
294,855
294,858
294,2930
294,3355
294,4496
295,297
295,368
296,298
296,714
296,1567
297,299
297,342
297,460
297,718
297,1153
297,1516
297,1725
297,2627
299,301
300,302
300,2058
300,2386
300,2859
302,304
302,454
302,651
303,305
303,3170
303,4259
304,306
304,505
304,782
304,1277
304,1767
304,3814
309,311
309,694
309,1005
309,4375
309,4902
311,313
314,316
314,847
314,854
314,2146
315,317
316,318
316,2020
317,319
317,723
319,321
319,482
319,3146
321,323
321,335
322,324
322,3511
325,327
325,1129
325,1171
325,2493
325,2974
325,3007
325,4055
325,4408
326,328
327,329
327,632
327,856
327,1107
327,1418
327,1657
327,2134
327,2292
329,331
329,642
329,695
329,710
329,838
329,1399
329,1784
329,2403
330,332
330,503
330,1016
330,1189
330,4295
331,333
332,334
332,541
332,1326
339,341
339,1324
339,2451
341,343
343,345
343,1940
343,4118
344,346
344,817
344,863
344,1833
344,2409
344,2800
345,347
345,561
345,1225
345,1440
346,348
346,1403
346,1428
346,2084
346,2971
348,350
348,532
348,577
348,591
348,629
348,665
348,680
348,740
348,1036
348,1828
348,2234
348,2281
348,2839
348,3013
348,3940
355,357
355,767
355,939
355,1154
357,359
357,363
357,1029
357,1055
357,1768
360,362
365,367
365,527
365,643
365,2613
365,3883
365,3967
367,369
367,713
367,1431
367,3594
369,371
369,449
369,458
369,514
369,535
369,1434
369,1586
369,2101
369,3104
375,377
375,692
375,1151
375,1575
375,2603
376,378
376,538
376,2617
381,383
381,438
381,565
381,796
381,1503
381,1884
381,1906
381,2440
381,3044
381,3166
381,3559
381,3798
384,386
384,1873
385,387
385,1079
386,388
386,912
386,2680
388,390
388,676
388,1484
388,2193
390,392
390,859
391,393
391,439
391,1010
399,401
399,506
399,558
399,596
399,678
399,679
399,793
399,824
399,1437
399,2168
400,402
400,478
401,403
401,406
402,405
402,1046
402,3875
405,408
405,410
405,451
405,650
405,1209
409,412
409,509
410,413
410,2523
410,2533
410,2815
410,4683
411,414
411,578
411,611
411,2895
416,419
417,420
417,899
417,1655
417,2600
418,421
418,878
418,1138
418,2172
419,422
419,2299
420,423
420,554
420,1421
420,1864
421,424
421,2226
421,2558
421,3741
422,425
422,644
422,2209
422,2270
423,426
423,447
423,450
423,530
423,1337
423,1633
423,2128
425,428
425,1122
425,1214
427,430
427,2387
427,2469
427,3370
427,3886
427,3887
427,4001
427,4159
427,4951
434,437
434,2019
437,440
437,662
437,748
437,1397
437,2026
437,2251
437,2543
441,444
441,1624
441,1626
441,1639
441,4930
442,445
442,984
442,1263
450,453
450,1406
450,1410
453,456
453,531
453,617
453,729
453,834
453,1760
453,2157
453,3037
457,461
457,968
457,1319
457,2166
457,2463
458,462
458,1206
458,1415
459,463
459,1096
459,1449
459,3988
460,464
460,1380
460,1487
460,2296
460,2297
462,466
464,468
464,1677
464,2397
464,4059
464,4489
467,471
467,1239
467,1676
467,1837
467,1891
467,1970
467,2608
467,3092
468,472
468,1077
469,473
471,475
471,869
471,1280
471,1456
471,3593
471,3727
472,476
472,909
472,2158
472,2572
472,2967
473,477
475,480
475,4225
475,4647
480,485
481,486
481,935
481,1266
481,1625
482,487
482,1708
482,2027
482,2389
482,2700
482,2934
482,4795
484,489
489,494
490,495
491,496
491,982
491,1228
491,3023
491,3122
491,3457
491,4536
494,499
494,1840
494,2356
497,502
499,504
499,1782
506,511
510,515
510,901
510,1469
510,1621
510,2554
510,2783
510,3556
512,517
512,2829
513,518
514,519
515,520
515,1089
516,521
516,633
528,533
534,540
534,603
534,677
534,1031
534,1452
534,2422
537,544
537,724
537,907
537,979
537,1388
537,1748
537,3284
537,3987
539,546
539,599
539,764
539,848
539,1085
539,1645
539,1685
539,2513
540,547
540,1083
540,1340
540,1412
540,2035
540,2395
543,550
543,1363
544,551
544,566
544,853
544,1140
544,1829
544,1868
544,2199
544,2273
544,2427
544,2630
544,2832
544,3746
544,3945
545,552
545,1047
545,2081
546,553
546,568
546,842
546,1139
546,1339
546,1839
548,555
549,556
549,902
549,2913
550,557
550,1098
550,2039
550,2705
552,559
553,560
553,744
556,563
560,567
562,569
562,1413
562,1430
562,1796
562,1834
565,572
565,721
565,1832
565,3260
566,573
566,1236
566,1866
568,575
569,576
569,712
569,1937
569,2857
573,580
573,597
573,615
573,1148
577,584
577,915
577,991
577,1078
577,1598
577,1854
577,2245
577,2764
579,586
585,592
585,776
586,594
586,788
586,896
586,930
586,949
586,1389
586,2639
590,598
590,1422
590,1423
590,3016
592,600
592,887
592,1067
592,1850
597,605
597,820
597,1740
597,2055
597,3477
600,608
606,614
606,1033
606,1525
606,1893
606,1924
610,618
610,1457
610,1581
611,619
613,621
614,622
615,623
615,638
615,874
615,923
615,1207
615,1216
615,1264
615,1641
615,1939
615,2082
618,626
619,627
619,753
619,1285
619,1778
622,630
623,631
623,1652
623,4642
626,634
627,635
627,931
627,1267
629,637
632,640
632,1698
632,1919
632,2905
637,646
637,690
637,769
637,4511
638,647
640,649
643,652
643,698
643,1744
643,1851
643,3003
648,657
648,2298
649,658
649,2607
649,3577
650,659
650,687
650,1204
654,663
654,1220
654,2333
654,2890
655,664
655,772
655,814
655,877
655,906
655,973
655,997
655,1004
655,1245
655,1453
655,1462
655,1603
655,1604
655,1869
655,2086
655,2132
655,2760
655,2863
655,3540
655,3673
661,670
661,1165
661,2394
661,3448
661,4199
662,671
662,890
662,2362
662,3048
662,3079
662,4256
662,4359
663,672
663,1426
663,3389
664,673
664,953
664,2894
666,675
666,2546
666,4681
672,681
672,827
672,1212
672,1478
672,1501
672,2008
676,686
676,1331
676,2498
678,688
679,689
679,1126
679,1354
679,1448
679,1999
679,4040
681,691
681,806
681,1213
690,700
690,2346
691,701
691,1087
691,2170
691,3124
693,703
693,1001
693,1081
693,1390
693,1524
693,1696
693,2443
693,2541
693,2651
693,2818
693,3362
694,704
695,705
697,707
697,2367
698,708
698,789
698,837
698,2036
698,2961
701,711
701,1183
701,1408
701,1618
710,720
715,725
715,822
715,1253
717,727
720,730
720,1511
721,731
721,2982
725,735
725,787
725,1483
725,1973
725,3586
728,738
728,2672
728,3473
731,741
731,1770
731,3028
731,3543
731,3880
733,743
733,1093
737,747
737,802
737,1315
737,2038
737,2136
737,2544
739,749
739,818
739,1073
739,1542
739,1785
739,2164
741,751
741,900
742,752
745,755
745,784
745,1689
746,756
747,758
748,759
750,761
750,1045
750,1185
750,1862
750,2111
750,2137
750,3029
750,3488
751,762
752,763
752,889
752,1176
752,1298
752,1555
754,765
755,766
755,4589
757,768
757,1353
757,2083
759,770
759,1773
759,2048
760,771
760,783
760,1050
760,1118
760,1605
760,2620
760,2755
760,3589
762,773
762,3607
762,4271
764,775
764,938
764,1076
764,1251
764,1783
764,1857
764,2516
764,3603
766,777
767,778
767,862
768,779
768,1322
768,1846
768,2703
769,780
774,785
774,904
774,1288
774,2358
774,4466
780,791
780,1847
781,792
786,797
787,798
787,1986
787,2877
787,3291
787,4667
788,799
788,894
788,2279
788,3148
789,800
790,801
790,1904
792,803
792,2017
792,4144
794,805
794,1048
794,1242
794,1320
796,807
796,1240
796,1475
796,2280
796,2951
797,808
797,1998
797,2313
797,4019
797,5014
799,810
800,811
800,2060
800,2948
800,3927
801,812
802,813
802,1012
802,1296
802,1356
802,1573
802,3102
802,3106
802,3804
807,819
813,825
815,828
815,944
815,1234
815,2377
818,831
818,1026
818,2274
818,2888
818,2963
819,832
819,1835
819,2218
819,3108
819,3141
821,835
821,2784
825,839
829,843
829,1275
829,1666
829,2503
830,844
830,1100
830,2942
835,849
835,1105
835,2062
835,2658
835,3638
837,851
837,893
837,1521
837,3551
846,861
846,951
846,996
850,865
850,1068
852,867
852,1011
852,1969
853,868
853,1276
853,1387
853,2950
853,3657
855,870
856,871
856,1967
856,4009
857,872
857,1025
857,2123
857,2180
857,2916
857,3210
857,4226
860,875
861,876
861,1156
866,881
866,1477
866,1931
867,882
867,2565
868,883
868,1980
869,884
870,885
873,888
876,891
876,2488
880,895
880,1051
880,1203
880,1246
880,1571
880,2413
880,2837
880,3128
880,3466
880,3537
880,4396
883,898
883,1336
883,3760
883,4337
883,4719
890,905
890,2126
890,3332
893,908
893,989
893,1191
893,1342
893,1405
893,1753
893,1824
893,2236
893,2253
893,2305
893,2634
893,3479
893,5035
895,910
895,1106
895,1177
895,1416
895,1471
895,3519
899,914
899,2781
901,916
901,2491
901,3358
901,4486
902,917
902,1490
902,1699
902,4096
903,918
903,961
903,983
903,3402
904,919
904,2407
904,3867
906,921
906,1317
906,1871
906,2735
907,922
909,924
909,1597
909,1907
909,3145
910,925
910,1218
910,1551
910,2553
910,2642
913,928
925,940
925,1701
925,1717
925,1979
925,2069
925,2290
925,2998
925,3884
927,942
927,1381
927,1595
927,4202
931,946
931,1128
931,1429
931,1945
931,2103
931,2795
931,2984
931,3144
931,3198
931,3599
931,3680
931,3846
931,4051
931,4212
931,4483
931,4923
932,947
932,1179
932,1205
932,1493
932,1966
933,948
933,1208
933,1553
933,1580
937,952
939,954
939,1495
939,1738
939,2198
940,955
940,1065
941,956
941,3478
943,958
943,1013
943,1232
943,1451
943,2189
943,2848
943,3981
943,4695
944,959
944,1351
944,1890
944,1926
944,2085
944,2224
945,960
945,992
945,1856
945,2352
947,963
948,964
948,4011
949,965
949,1311
949,1366
949,1806
949,2109
949,2736
950,966
950,4671
951,967
951,2446
951,2763
951,3467
953,969
953,1982
953,3382
956,972
956,1479
956,3271
960,976
961,977
961,1691
961,2243
962,978
962,2931
964,980
964,1261
965,981
965,1807
965,3293
965,4046
965,4709
969,985
970,986
971,987
971,1162
971,1674
972,988
974,990
974,1314
974,2429
974,2435
974,2584
974,2762
974,3363
974,4050
974,4631
978,995
978,1394
981,998
981,1291
981,3654
983,1000
983,2969
985,1002
985,1170
985,1393
985,1441
985,4762
989,1006
989,1297
989,1359
989,1787
989,1976
989,2240
989,2420
989,2492
989,2619
989,3598
989,3902
989,4532
989,4821
991,1009
991,1295
991,1578
991,1762
991,2547
991,3139
991,3787
996,1014
996,1558
996,2151
996,2310
996,3130
996,3203
996,3651
997,1015
997,1650
997,2862
997,4409
999,1017
999,1788
999,1838
999,1935
999,3938
999,4421
999,4575
999,4997
1000,1018
1000,1271
1000,1852
1000,2882
1001,1019
1001,2813
1002,1020
1002,4067
1008,1027
1008,1636
1008,2138
1008,2965
1008,4308
1009,1028
1009,1306
1009,1465
1011,1030
1011,2660
1013,1032
1013,1774
1013,2770
1013,3245
1015,1034
1015,1702
1015,1895
1015,2054
1017,1037
1017,1094
1017,2973
1024,1044
1033,1053
1033,1074
1033,1283
1036,1056
1036,4088
1037,1057
1037,1523
1037,1672
1039,1059
1039,1195
1039,1282
1039,2393
1040,1060
1040,2772
1041,1061
1042,1062
1043,1063
1043,1752
1043,2016
1043,2074
1043,2219
1043,2285
1043,2622
1043,2777
1043,2953
1043,3168
1043,4806
1044,1064
1051,1071
1051,1231
1051,1711
1052,1072
1052,3281
1052,4247
1052,4537
1055,1075
1055,1199
1055,2053
1055,2304
1055,2788
1064,1084
1064,1644
1064,3550
1070,1090
1070,2657
1070,2838
1071,1091
1071,1155
1071,1270
1072,1092
1072,1097
1079,1099
1081,1101
1082,1102
1082,3737
1083,1103
1083,1268
1083,2579
1083,2742
1089,1109
1089,1223
1089,1530
1089,1845
1089,1968
1089,1994
1090,1110
1090,1561
1090,1712
1090,3605
1091,1111
1091,1881
1092,1112
1092,2723
1092,3179
1092,3713
1092,4957
1093,1113
1093,2343
1093,2945
1093,4842
1096,1116
1096,1247
1097,1117
1099,1119
1099,1632
1099,3378
1100,1120
1100,2250
1101,1121
1103,1123
1103,1938
1103,2070
1103,2232
1104,1124
1104,3821
1110,1130
1110,2388
1113,1134
1113,1141
1113,1892
1114,1135
1114,2709
1114,3035
1114,3076
1115,1136
1116,1137
1116,1369
1121,1142
1121,2635
1122,1143
1123,1144
1123,2629
1125,1146
1125,1305
1125,1697
1125,1812
1125,2099
1125,2169
1125,4493
1126,1147
1126,2212
1126,2237
1126,2716
1126,3089
1126,3528
1126,4188
1129,1150
1129,1480
1129,3039
1131,1152
1131,1221
1131,1789
1131,3300
1136,1157
1136,1215
1136,4596
1137,1158
1137,1741
1137,3050
1139,1160
1142,1163
1142,1610
1142,2933
1143,1164
1143,2129
1145,1166
1145,1237
1145,1634
1145,1765
1145,1795
1146,1167
1146,1378
1146,1450
1146,1974
1146,2262
1146,4268
1146,4316
1147,1168
1147,3424
1148,1169
1151,1172
1151,2173
1152,1173
1152,1546
1153,1174
1156,1178
1158,1180
1160,1182
1162,1184
1162,3351
1162,4530
1164,1186
1164,1255
1164,1476
1164,1607
1164,2928
1165,1187
1165,2455
1165,3429
1165,3434
1168,1190
1168,4357
1176,1198
1176,1301
1176,1433
1176,1915
1178,1200
1178,1256
1178,1420
1178,1474
1178,1844
1178,1962
1178,2021
1178,2360
1178,2785
1178,3377
1178,3915
1178,4352
1180,1202
1200,1222
1200,1379
1200,1606
1200,1797
1204,1226
1204,1427
1204,1619
1204,1680
1204,2391
1213,1235
1219,1241
1221,1243
1221,4830
1222,1244
1228,1250
1228,3140
1230,1252
1232,1254
1232,2475
1232,3258
1237,1259
1237,1485
1237,2357
1237,3778
1238,1260
1240,1262
1246,1269
1246,1538
1246,1925
1246,3027
1246,3719
1249,1272
1249,1312
1255,1278
1255,1522
1256,1279
1261,1284
1261,1637
1263,1286
1263,2090
1263,2434
1263,2694
1264,1287
1264,3282
1267,1290
1267,3523
1267,3618
1267,3888
1269,1292
1269,2186
1269,3952
1270,1293
1270,3916
1271,1294
1276,1299
1276,1921
1276,2556
1276,3427
1277,1300
1279,1302
1280,1303
1280,2364
1284,1307
1284,1798
1284,1914
1284,2210
1284,2495
1284,3138
1284,3285
1285,1308
1285,4278
1286,1309
1287,1310
1287,1821
1293,1316
1295,1318
1295,3098
1298,1321
1298,3156
1298,3527
1300,1323
1302,1325
1302,2988
1304,1327
1306,1329
1312,1335
1318,1341
1318,2024
1318,3031
1318,3417
1320,1343
1321,1344
1321,2995
1321,3214
1323,1347
1324,1348
1324,1565
1324,1830
1324,3045
1324,3280
1326,1350
1328,1352
1328,1630
1333,1357
1333,1594
1333,3096
1337,1361
1337,3231
1338,1362
1338,1811
1338,3498
1338,4228
1338,4475
1340,1364
1340,1374
1340,1911
1340,1952
1340,2300
1340,2667
1341,1365
1341,3414
1343,1367
1344,1368
1344,4645
1346,1370
1346,1905
1346,2294
1346,2404
1346,4053
1347,1371
1347,1407
1347,1439
1347,1885
1347,2107
1347,3063
1347,3496
1348,1372
1351,1375
1351,1460
1351,2030
1351,2104
1351,3120
1351,3580
1351,3718
1351,3817
1351,3929
1351,4104
1351,4852
1351,5008
1352,1376
1353,1377
1353,1386
1353,4063
1358,1382
1360,1384
1360,2051
1361,1385
1361,2823
1361,2844
1367,1391
1367,1579
1367,1771
1367,1896
1367,3671
1372,1396
1372,2796
1372,2949
1374,1398
1384,1409
1384,3359
1384,3563
1389,1414
1389,2197
1389,2401
1399,1424
1399,2340
1400,1425
1400,2508
1407,1432
1410,1435
1413,1438
1413,1971
1413,3046
1413,3069
1413,3278
1413,3829
1413,4936
1417,1442
1418,1443
1418,1963
1418,2087
1418,2489
1419,1445
1419,2845
1420,1446
1420,1786
1420,2920
1421,1447
1428,1454
1428,2041
1428,2502
1428,4151
1429,1455
1429,3492
1432,1458
1432,1599
1432,2115
1432,3841
1433,1459
1437,1463
1437,3317
1438,1464
1438,2100
1440,1466
1441,1467
1441,3160
1442,1468
1444,1470
1446,1472
1446,4599
1447,1473
1455,1481
1456,1482
1465,1491
1468,1494
1471,1497
1471,1826
1471,1879
1471,1932
1475,1502
1475,1728
1477,1504
1478,1505
1478,2324
1483,1510
1483,3175
1483,3643
1485,1512
1485,2098
1488,1515
1490,1517
1490,2047
1490,2323
1490,2373
1491,1518
1491,1548
1491,2046
1491,3435
1492,1519
1492,4173
1493,1520
1493,3669
1500,1527
1501,1528
1502,1529
1504,1531
1505,1532
1506,1533
1506,2028
1507,1534
1507,1592
1507,2190
1509,1536
1510,1537
1510,2741
1510,3485
1512,1539
1512,1755
1512,3688
1512,4132
1517,1544
1517,3270
1517,4791
1520,1547
1522,1549
1522,2208
1523,1550
1530,1557
1536,1563
1537,1564
1537,2833
1539,1566
1541,1568
1541,3038
1543,1570
1545,1572
1547,1574
1547,3206
1550,1577
1550,2774
1550,3262
1556,1583
1560,1587
1560,1992
1563,1590
1564,1591
1564,4804
1575,1602
1582,1609
1585,1612
1585,2450
1585,2962
1585,3438
1585,3463
1585,4557
1586,1613
1586,2171
1586,2490
1586,2959
1586,3337
1587,1614
1587,3368
1587,3631
1587,4685
1588,1615
1588,2321
1590,1617
1590,1719
1594,1622
1595,1623
1599,1627
1599,1861
1599,2131
1599,2275
1599,2287
1599,2291
1599,2415
1599,2430
1599,2457
1599,2560
1599,2567
1599,2577
1599,2664
1599,2695
1599,2717
1599,2725
1599,2981
1599,3889
1599,3907
1599,4250
1599,4252
1599,4324
1600,1628
1601,1629
1603,1631
1607,1635
1615,1643
1619,1647
1619,4654
1620,1648
1620,4220
1625,1653
1626,1654
1626,2192
1626,2203
1626,2268
1628,1656
1631,1660
1631,3554
1632,1661
1632,4183
1633,1662
1633,1981
1633,4257
1633,4350
1634,1663
1635,1665
1635,3962
1637,1667
1639,1669
1640,1670
1641,1671
1643,1673
1643,1875
1645,1675
1645,3118
1648,1678
1649,1679
1651,1681
1651,2175
1652,1682
1652,2071
1652,3193
1652,3452
1653,1683
1653,2329
1656,1686
1657,1687
1660,1690
1660,2504
1660,3876
1662,1692
1662,3008
1662,3956
1662,4860
1663,1693
1664,1694
1664,1758
1664,1978
1664,2022
1664,4827
1665,1695
1670,1700
1673,1703
1673,3255
1674,1704
1675,1705
1675,2063
1676,1706
1679,1709
1683,1714
1683,3766
1683,4498
1683,4897
1684,1715
1684,2870
1685,1716
1685,3233
1687,1718
1687,2043
1689,1720
1690,1721
1691,1722
1691,2682
1692,1723
1693,1724
1693,2125
1696,1727
1699,1730
1700,1731
1701,1732
1702,1733
1703,1734
1703,3169
1705,1737
1710,1742
1710,2165
1711,1743
1711,1843
1711,2088
1711,2096
1713,1745
1714,1746
1718,1750
1729,1761
1743,1775
1743,2437
1743,3173
1743,3384
1743,4857
1748,1780
1748,2331
1748,2582
1748,2986
1749,1781
1759,1791
1760,1792
1760,2141
1760,4541
1762,1794
1762,2116
1767,1799
1767,2644
1767,3026
1767,4066
1768,1800
1768,3675
1770,1803
1770,2923
1771,1804
1771,2121
1775,1808
1775,2966
1776,1809
1776,2314
1780,1813
1780,2825
1784,1817
1785,1819
1786,1820
1786,2003
1786,2167
1786,2311
1786,3542
1786,3609
1786,3906
1786,4082
1786,4190
1786,4266
1786,5015
1788,1822
1788,3391
1789,1823
1791,1825
1791,2149
1791,2255
1802,1836
1818,1853
1818,3942
1820,1855
1823,1858
1824,1859
1824,2968
1825,1860
1828,1863
1830,1865
1830,1997
1830,4029
1837,1872
1837,2448
1837,2897
1843,1878
1845,1880
1845,2706
1845,2887
1845,2901
1845,3450
1845,3480
1845,3824
1848,1883
1852,1887
1854,1889
1854,4407
1854,4648
1862,1897
1864,1899
1864,2139
1864,2176
1864,2179
1864,2365
1864,2476
1864,2624
1864,2778
1864,3099
1865,1900
1865,2496
1865,3443
1866,1901
1866,3125
1873,1908
1873,4682
1877,1912
1878,1913
1881,1916
1882,1917
1882,2307
1883,1918
1883,2417
1883,3731
1883,3756
1887,1922
1887,3105
1887,3196
1888,1923
1892,1927
1893,1928
1893,3744
1894,1929
1894,2007
1895,1930
1898,1933
1898,2424
1898,2473
1898,3711
1898,4894
1899,1934
1901,1936
1906,1941
1906,2289
1907,1942
1908,1943
1908,3404
1909,1944
1909,2059
1911,1946
1913,1949
1913,2773
1914,1950
1915,1951
1917,1953
1918,1954
1918,3505
1920,1956
1921,1957
1922,1958
1922,3053
1923,1959
1923,2527
1923,3854
1924,1960
1925,1961
1925,2221
1925,3983
1928,1964
1929,1965
1929,2780
1929,4313
1938,1975
1938,2840
1938,4379
1940,1977
1946,1983
1947,1984
1947,2771
1948,1985
1948,2328
1948,2571
1951,1988
1951,3484
1952,1989
1952,2286
1952,2326
1953,1990
1954,1991
1958,1995
1958,3709
1959,1996
1963,2000
1963,2595
1963,2733
1963,2880
1963,3771
1963,4411
1965,2002
1967,2004
1968,2005
1968,3186
1969,2006
1973,2010
1975,2012
1976,2013
1977,2014
1977,2077
1978,2015
1978,4222
1981,2018
1981,2396
1981,2602
1988,2025
1988,3345
1992,2029
1994,2031
1994,2195
1994,5011
1995,2032
1996,2033
1996,4103
2000,2037
2000,2542
2000,2883
2000,3001
2000,3969
2000,4822
2003,2040
2003,2886
2003,3205
2005,2042
2005,3788
2007,2044
2008,2045
2020,2057
2020,2805
2024,2061
2027,2064
2029,2066
2030,2067
2031,2068
2035,2072
2035,3947
2036,2073
2036,2472
2038,2076
2038,3062
2038,3338
2038,4091
2038,4490
2041,2079
2041,3041
2041,3869
2041,4023
2041,4158
2041,4168
2041,4573
2042,2080
2053,2091
2053,2432
2054,2092
2059,2097
2068,2106
2070,2108
2070,3127
2072,2110
2072,2355
2074,2112
2075,2113
2075,3033
2075,4606
2076,2114
2076,3708
2079,2117
2081,2119
2082,2120
2084,2122
2084,3070
2086,2124
2086,2354
2095,2133
2095,2207
2095,4574
2097,2135
2104,2142
2106,2145
2108,2147
2109,2148
2111,2150
2116,2155
2120,2159
2121,2160
2121,2621
2121,3030
2121,3699
2122,2161
2122,3694
2135,2174
2135,3566
2139,2178
2142,2181
2142,2562
2142,2875
2143,2182
2144,2183
2145,2184
2145,4901
2146,2185
2148,2187
2149,2188
2154,2194
2154,4730
2156,2196
2156,3103
2160,2200
2161,2201
2161,2683
2161,3574
2162,2202
2166,2206
2171,2211
2174,2214
2174,2361
2175,2215
2176,2216
2177,2217
2177,2408
2180,2220
2180,4908
2187,2227
2187,2663
2187,2869
2187,3307
2188,2228
2189,2229
2190,2230
2190,2400
2191,2231
2191,3112
2191,4545
2193,2233
2195,2235
2198,2238
2198,3701
2198,3706
2199,2239
2199,3611
2201,2242
2201,3919
2201,3995
2201,4068
2201,4071
2201,4410
2201,4474
2201,4492
2203,2244
2203,2675
2203,3637
2205,2246
2205,3394
2208,2249
2208,2954
2208,3184
2211,2252
2213,2254
2215,2256
2215,2338
2215,3218
2216,2258
2219,2261
2221,2263
2221,2850
2222,2264
2222,2589
2222,2821
2222,3844
2223,2265
2223,3287
2223,3583
2223,4054
2223,4338
2223,4941
2224,2266
2225,2267
2225,3627
2229,2271
2230,2272
2234,2276
2234,3302
2241,2283
2246,2288
2253,2295
2253,2852
2253,3885
2253,4034
2259,2301
2260,2302
2263,2306
2263,3294
2265,2308
2265,2811
2265,3060
2265,3314
2265,3399
2266,2309
2266,4035
2272,2315
2272,2831
2272,3874
2273,2316
2273,3346
2273,4025
2274,2317
2274,3444
2275,2318
2276,2319
2276,2822
2276,3308
2277,2320
2279,2322
2282,2325
2284,2327
2289,2332
2292,2335
2293,2336
2298,2341
2301,2345
2303,2347
2304,2348
2305,2349
2306,2350
2307,2351
2309,2353
2315,2359
2315,3143
2322,2366
2326,2371
2329,2374
2331,2376
2333,2378
2333,3405
2333,3441
2334,2379
2335,2380
2335,4300
2336,2381
2336,2501
2337,2382
2338,2383
2338,2411
2338,3135
2339,2384
2340,2385
2345,2390
2354,2399
2354,2568
2357,2402
2357,3674
2365,2410
2373,2419
2375,2421
2375,2701
2377,2423
2380,2426
2382,2428
2382,3310
2385,2431
2385,2655
2385,3980
2387,2433
2387,3306
2392,2438
2393,2439
2393,2786
2393,4135
2395,2441
2395,2787
2398,2444
2401,2447
2407,2453
2410,2456
2410,3150
2410,3825
2410,4871
2412,2458
2413,2460
2413,2731
2413,3264
2414,2461
2415,2462
2418,2465
2418,2738
2419,2467
2420,2468
2423,2471
2429,2477
2431,2479
2432,2480
2433,2481
2433,4124
2434,2482
2434,2827
2434,3732
2435,2483
2436,2484
2439,2487
2446,2494
2449,2497
2449,3040
2452,2500
2457,2505
2458,2506
2459,2507
2462,2510
2462,2668
2463,2511
2464,2512
2466,2514
2467,2515
2470,2518
2471,2519
2472,2520
2472,3911
2473,2521
2473,3123
2474,2522
2476,2524
2478,2526
2480,2528
2481,2529
2481,3994
2482,2530
2483,2531
2483,2615
2484,2532
2484,3922
2488,2536
2488,3320
2489,2537
2489,3165
2489,3392
2490,2538
2490,3002
2492,2540
2497,2545
2501,2549
2502,2550
2506,2555
2508,2557
2508,3625
2510,2559
2512,2561
2514,2563
2514,2983
2514,3095
2515,2564
2517,2566
2520,2569
2521,2570
2521,2648
2524,2573
2525,2574
2526,2575
2527,2576
2529,2578
2529,4907
2531,2580
2532,2581
2534,2583
2534,2666
2534,2808
2534,3387
2534,3396
2534,4057
2534,4171
2536,2585
2537,2586
2538,2587
2543,2592
2543,2719
2544,2593
2546,2596
2547,2597
2559,2610
2561,2612
2563,2614
2563,3690
2574,2625
2574,2908
2575,2626
2575,4315
2580,2631
2581,2632
2581,4649
2582,2633
2586,2637
2590,2641
2590,4353
2592,2643
2594,2645
2594,3489
2594,3494
2594,4182
2594,4437
2596,2647
2596,4971
2598,2649
2601,2652
2601,2896
2602,2653
2602,3459
2602,3831
2602,4888
2603,2654
2605,2656
2608,2659
2608,3042
2608,3499
2610,2661
2611,2662
2614,2665
2614,2956
2618,2669
2618,3570
2619,2670
2620,2671
2622,2673
2623,2674
2625,2676
2626,2677
2626,4543
2628,2679
2628,2809
2630,2681
2630,3111
2630,3401
2630,4036
2633,2684
2634,2685
2634,2782
2635,2686
2636,2687
2636,3256
2637,2688
2638,2689
2638,3440
2639,2690
2640,2691
2640,2910
2641,2692
2641,2900
2641,3149
2642,2693
2645,2696
2646,2697
2648,2699
2652,2704
2652,4154
2655,2707
2655,4060
2655,4078
2656,2708
2658,2710
2658,4882
2659,2711
2660,2712
2660,2826
2661,2713
2662,2714
2662,3316
2662,3640
2662,3984
2662,4565
2663,2715
2666,2718
2666,3019
2668,2720
2670,2722
2672,2724
2674,2726
2674,2938
2675,2728
2675,2891
2675,3779
2675,4423
2675,4556
2676,2729
2677,2730
2679,2732
2681,2734
2684,2737
2686,2739
2687,2740
2691,2744
2692,2745
2693,2746
2693,3647
2693,4206
2694,2747
2695,2748
2696,2749
2698,2751
2699,2752
2700,2753
2701,2754
2703,2756
2705,2758
2706,2759
2708,2761
2708,2907
2708,3274
2712,2765
2713,2766
2714,2767
2722,2776
2722,3133
2725,2779
2725,3581
2725,3842
2736,2790
2736,3366
2736,3491
2736,3591
2737,2791
2738,2792
2739,2793
2739,3286
2743,2797
2745,2799
2747,2801
2748,2802
2748,4099
2749,2803
2749,4381
2750,2804
2750,3305
2750,4548
2753,2807
2756,2810
2758,2812
2760,2814
2762,2816
2762,4491
2763,2817
2785,2841
2785,3290
2786,2842
2786,3086
2787,2843
2790,2846
2791,2847
2793,2849
2795,2851
2795,3664
2797,2853
2798,2854
2799,2855
2800,2856
2800,3946
2802,2858
2804,2860
2804,4430
2808,2864
2808,3776
2808,4148
2808,4344
2808,4739
2809,2865
2809,3061
2810,2866
2811,2867
2811,3805
2812,2868
2812,3209
2812,5025
2815,2871
2816,2872
2817,2873
2818,2874
2820,2876
2820,5026
2823,2879
2825,2881
2828,2884
2829,2885
2833,2889
2836,2892
2837,2893
2843,2899
2846,2902
2846,3249
2846,3514
2846,3780
2846,3812
2846,4868
2846,4942
2847,2903
2848,2904
2850,2906
2850,3619
2853,2909
2855,2911
2856,2912
2856,3515
2858,2914
2859,2915
2859,3238
2869,2925
2871,2927
2873,2929
2873,3161
2873,3447
2873,4214
2879,2935
2879,3380
2879,4769
2880,2936
2881,2937
2881,2955
2881,3200
2883,2939
2883,3113
2883,3730
2883,3750
2884,2940
2885,2941
2887,2943
2890,2946
2891,2947
2900,2957
2900,4195
2901,2958
2903,2960
2907,2964
2915,2972
2918,2975
2919,2976
2920,2977
2921,2978
2922,2979
2922,3228
2923,2980
2923,3597
2923,3602
2923,3925
2928,2985
2928,3343
2928,3469
2930,2987
2933,2990
2934,2991
2935,2992
2936,2993
2937,2994
2937,3859
2937,4105
2939,2996
2939,4432
2940,2997
2940,4162
2942,2999
2947,3004
2947,4120
2948,3005
2949,3006
2952,3009
2954,3011
2955,3012
2957,3014
2957,3227
2958,3015
2961,3018
2963,3020
2963,4747
2964,3021
2965,3022
2968,3025
2975,3032
2977,3034
2986,3043
2990,3047
2992,3049
2994,3051
2995,3052
2997,3054
2997,3155
3000,3057
3002,3059
3007,3064
3007,3729
3008,3065
3009,3066
3009,4186
3010,3067
3010,3215
3011,3068
3014,3071
3014,3272
3015,3072
3016,3073
3017,3074
3018,3075
3018,3344
3020,3077
3024,3081
3026,3083
3027,3085
3029,3087
3030,3088
3032,3090
3033,3091
3033,3097
3033,3353
3033,3697
3033,4773
3036,3094
3036,3288
3036,4058
3043,3101
3049,3107
3049,3899
3051,3109
3056,3114
3056,3240
3057,3115
3058,3116
3058,4074
3058,4085
3061,3119
3061,3530
3061,4663
3063,3121
3068,3126
3071,3129
3074,3132
3074,3475
3076,3134
3078,3136
3079,3137
3079,4169
3084,3142
3089,3147
3093,3151
3094,3152
3094,4366
3094,4977
3095,3153
3096,3154
3099,3157
3100,3158
3100,3704
3101,3159
3104,3162
3109,3167
3113,3171
3114,3172
3117,3176
3121,3180
3122,3181
3123,3182
3123,3944
3124,3183
3126,3185
3126,3811
3128,3187
3129,3188
3129,3512
3129,4909
3129,5021
3130,3189
3131,3190
3132,3191
3135,3194
3136,3195
3138,3197
3140,3199
3142,3201
3142,4100
3142,4406
3145,3204
3148,3208
3151,3211
3152,3212
3152,3882
3153,3213
3153,3920
3157,3217
3159,3219
3159,4412
3160,3220
3160,3636
3161,3221
3162,3222
3163,3223
3164,3224
3165,3225
3166,3226
3169,3229
3170,3230
3172,3232
3174,3234
3175,3235
3176,3236
3177,3237
3179,3239
3181,3241
3181,3769
3183,3243
3184,3244
3186,3246
3187,3247
3188,3248
3190,3250
3191,3251
3191,3503
3191,3662
3192,3252
3193,3253
3193,3648
3194,3254
3197,3257
3199,3259
3201,3261
3203,3263
3203,3955
3205,3265
3206,3266
3207,3267
3207,4077
3209,3269
3213,3273
3215,3275
3216,3276
3216,3510
3219,3279
3223,3283
3229,3289
3232,3292
3235,3295
3237,3297
3237,3765
3238,3298
3241,3301
3243,3304
3243,3667
3248,3309
3250,3311
3251,3312
3252,3313
3254,3315
3257,3318
3258,3319
3261,3322
3262,3323
3263,3324
3264,3325
3265,3326
3267,3328
3268,3330
3271,3333
3272,3334
3273,3335
3274,3336
3277,3339
3278,3340
3279,3341
3280,3342
3285,3347
3285,3663
3285,3743
3285,4433
3286,3348
3287,3349
3288,3350
3290,3352
3292,3354
3294,3356
3295,3357
3299,3361
3302,3364
3302,3964
3303,3365
3305,3367
3307,3369
3309,3371
3310,3372
3311,3373
3313,3375
3316,3379
3318,3381
3320,3383
3322,3385
3323,3386
3323,3535
3325,3388
3325,3562
3325,4092
3325,4564
3325,4853
3327,3390
3327,4780
3332,3395
3334,3398
3339,3403
3342,3406
3342,4688
3343,3407
3344,3408
3345,3409
3345,4931
3346,3410
3347,3411
3347,3502
3348,3412
3349,3413
3351,3415
3352,3416
3355,3420
3356,3421
3356,4033
3356,4461
3357,3422
3361,3426
3363,3428
3363,4765
3366,3431
3367,3432
3368,3433
3371,3436
3372,3437
3374,3439
3374,3823
3374,4551
3377,3442
3377,4533
3380,3445
3381,3446
3384,3449
3386,3451
3389,3454
3390,3455
3391,3456
3393,3458
3395,3460
3397,3462
3399,3464
3399,3872
3400,3465
3400,3472
3400,3483
3400,3762
3400,4047
3400,4614
3409,3474
3416,3482
3420,3486
3421,3487
3428,3495
3430,3497
3433,3500
3439,3506
3440,3508
3440,3810
3444,3513
3447,3516
3447,3633
3448,3517
3449,3518
3452,3521
3455,3524
3456,3525
3457,3526
3460,3529
3462,3531
3462,4265
3463,3532
3464,3533
3465,3534
3467,3536
3469,3538
3470,3539
3472,3541
3475,3544
3476,3545
3478,3547
3479,3548
3480,3549
3483,3552
3486,3555
3488,3557
3489,3558
3495,3564
3496,3565
3499,3568
3500,3569
3500,4944
3502,3571
3503,3572
3504,3573
3507,3576
3509,3578
3509,3896
3514,3584
3514,3668
3515,3585
3518,3588
3520,3590
3526,3596
3526,3752
3526,4885
3530,3600
3531,3601
3535,3606
3537,3608
3539,3610
3541,3612
3542,3613
3543,3614
3544,3615
3545,3616
3546,3617
3549,3620
3550,3621
3550,4189
3551,3622
3552,3624
3552,3782
3552,4283
3554,3626
3554,4237
3554,4454
3556,3628
3557,3629
3557,3913
3558,3630
3558,3830
3558,3972
3558,3991
3560,3632
3562,3634
3563,3635
3567,3639
3569,3641
3569,3968
3569,3993
3569,4388
3569,4687
3570,3642
3572,3644
3573,3645
3574,3646
3577,3649
3577,4345
3580,3653
3582,3655
3583,3656
3585,3658
3586,3659
3587,3660
3591,3665
3596,3670
3598,3672
3602,3676
3603,3677
3605,3679
3605,4330
3605,4336
3607,3681
3607,4563
3610,3684
3611,3685
3612,3686
3613,3687
3615,3689
3615,4216
3615,4302
3615,4516
3617,3691
3618,3692
3619,3693
3621,3695
3624,3698
3626,3700
3628,3702
3631,3705
3633,3707
3636,3710
3638,3712
3641,3715
3643,3717
3643,4983
3646,3720
3647,3721
3649,3723
3650,3724
3651,3725
3652,3726
3652,4839
3654,3728
3659,3733
3659,4796
3660,3734
3660,4508
3660,4526
3661,3735
3662,3736
3664,3738
3665,3739
3668,3742
3671,3745
3673,3747
3675,3749
3677,3751
3677,4084
3677,4568
3679,3753
3679,3917
3679,4180
3680,3754
3681,3755
3683,3757
3684,3758
3685,3759
3687,3761
3689,3763
3690,3764
3696,3770
3698,3772
3699,3773
3699,4198
3700,3774
3703,3777
3707,3781
3707,4691
3709,3783
3709,4291
3710,3784
3710,4792
3711,3785
3712,3786
3715,3789
3716,3790
3717,3791
3718,3792
3719,3793
3720,3794
3721,3795
3721,4741
3722,3796
3725,3799
3726,3801
3726,4793
3728,3803
3728,4656
3731,3806
3732,3808
3733,3809
3737,3813
3739,3815
3740,3816
3742,3818
3744,3820
3746,3822
3750,3826
3751,3827
3752,3828
3756,3832
3757,3833
3758,3834
3759,3835
3760,3836
3761,3837
3762,3838
3763,3839
3764,3840
3769,3845
3769,3912
3773,3850
3773,4497
3774,3851
3776,3853
3776,4555
3779,3856
3781,3858
3781,4102
3781,4661
3784,3861
3785,3862
3786,3863
3787,3864
3788,3865
3789,3866
3791,3868
3793,3870
3795,3873
3795,4657
3799,3877
3800,3878
3811,3890
3814,3893
3815,3894
3815,3936
3816,3895
3818,3897
3818,4069
3818,4155
3818,4476
3821,3901
3823,3903
3824,3904
3825,3905
3829,3909
3829,3910
3834,3914
3838,3918
3838,4419
3841,3921
3841,4866
3843,3923
3846,3926
3848,3928
3848,4044
3850,3930
3851,3931
3852,3932
3853,3933
3854,3934
3855,3935
3857,3937
3859,3939
3861,3941
3868,3948
3870,3950
3873,3954
3876,3957
3877,3958
3878,3959
3879,3960
3880,3961
3880,3998
3880,4984
3880,5037
3882,3963
3884,3965
3885,3966
3889,3970
3889,4157
3889,4167
3890,3971
3892,3973
3893,3974
3893,4218
3893,4221
3894,3975
3895,3976
3896,3977
3897,3978
3903,3985
3904,3986
3907,3990
3909,3992
3909,4061
3909,4076
3909,4370
3913,3996
3914,3997
3919,4002
3921,4004
3922,4005
3923,4006
3925,4008
3927,4010
3929,4012
3930,4013
3931,4014
3932,4016
3933,4017
3934,4018
3934,4274
3934,4286
3936,4020
3937,4021
3938,4022
3940,4024
3942,4026
3943,4027
3944,4028
3946,4030
3947,4031
3948,4032
3948,4577
3953,4037
3954,4038
3955,4039
3957,4041
3957,4165
3957,4389
3957,4481
3958,4042
3959,4043
3961,4045
3964,4048
3965,4049
3965,4145
3965,4387
3965,4404
3965,4824
3968,4052
3972,4056
3978,4062
3978,4369
3980,4064
3981,4065
3986,4070
3989,4073
3991,4075
3995,4080
3998,4083
4001,4086
4001,4243
4003,4089
4004,4090
4007,4093
4008,4094
4009,4095
4011,4097
4011,4293
4012,4098
4012,4604
4020,4106
4021,4107
4022,4108
4023,4109
4024,4110
4024,4230
4025,4111
4026,4112
4026,4788
4027,4114
4028,4116
4029,4117
4032,4121
4033,4122
4034,4123
4036,4125
4037,4126
4038,4127
4040,4129
4041,4130
4042,4131
4044,4133
4044,4472
4045,4134
4047,4136
4048,4137
4048,4478
4049,4138
4050,4139
4051,4140
4053,4142
4054,4143
4057,4146
4058,4147
4060,4149
4063,4152
4064,4153
4067,4156
4071,4160
4072,4161
4072,4662
4074,4163
4077,4166
4081,4170
4081,4384
4083,4172
4085,4174
4085,4794
4086,4175
4087,4176
4087,4759
4088,4177
4089,4178
4090,4179
4092,4181
4095,4184
4096,4185
4098,4187
4098,4678
4103,4192
4104,4193
4105,4194
4107,4196
4108,4197
4111,4200
4112,4201
4114,4203
4115,4204
4116,4205
4118,4207
4120,4209
4121,4210
4122,4211
4124,4213
4126,4215
4128,4217
4130,4219
4134,4223
4134,4927
4135,4224
4138,4227
4140,4229
4142,4231
4142,4710
4142,5042
4143,4232
4144,4233
4145,4234
4146,4235
4147,4236
4149,4238
4150,4239
4150,4405
4152,4241
4155,4244
4156,4245
4157,4246
4159,4248
4159,4779
4161,4251
4163,4253
4165,4255
4168,4258
4168,4726
4170,4260
4170,4723
4170,4955
4170,5018
4171,4261
4172,4262
4173,4263
4174,4264
4179,4269
4179,4358
4179,4638
4180,4270
4182,4272
4183,4273
4185,4275
4186,4276
4190,4280
4193,4284
4194,4285
4196,4287
4197,4289
4198,4290
4198,4832
4198,4833
4200,4292
4202,4294
4204,4296
4205,4297
4206,4298
4207,4299
4209,4301
4212,4305
4213,4306
4214,4307
4216,4309
4217,4310
4218,4311
4219,4312
4221,4314
4224,4317
4225,4318
4226,4319
4227,4320
4228,4321
4229,4322
4230,4323
4232,4325
4233,4326
4234,4328
4235,4329
4238,4332
4239,4333
4240,4334
4241,4335
4245,4339
4246,4340
4247,4341
4248,4342
4249,4343
4253,4347
4254,4348
4255,4349
4257,4351
4260,4354
4261,4355
4262,4356
4266,4360
4267,4361
4268,4362
4268,4380
4269,4363
4270,4364
4271,4365
4273,4367
4274,4368
4277,4371
4278,4372
4279,4373
4280,4374
4282,4376
4283,4377
4284,4378
4288,4382
4289,4383
4291,4385
4292,4386
4296,4390
4297,4391
4298,4392
4299,4393
4301,4395
4303,4397
4305,4399
4306,4400
4308,4402
4309,4403
4320,4414
4322,4416
4323,4417
4324,4418
4326,4420
4328,4422
4330,4424
4331,4425
4332,4426
4333,4427
4334,4428
4335,4429
4337,4431
4340,4434
4341,4435
4342,4436
4344,4438
4345,4439
4345,4675
4346,4440
4347,4441
4348,4442
4349,4443
4350,4444
4351,4445
4353,4447
4354,4448
4355,4449
4356,4450
4357,4451
4358,4452
4359,4453
4361,4455
4362,4456
4363,4457
4365,4459
4367,4462
4367,4744
4368,4463
4369,4464
4370,4465
4372,4468
4373,4469
4374,4470
4375,4471
4377,4473
4381,4477
4383,4479
4384,4480
4390,4487
4391,4488
4397,4494
4397,4643
4398,4495
4402,4499
4403,4500
4404,4501
4406,4503
4407,4504
4408,4505
4409,4506
4410,4507
4412,4509
4413,4510
4415,4512
4416,4513
4417,4514
4418,4515
4420,4518
4421,4519
4422,4520
4423,4521
4424,4522
4425,4523
4426,4524
4427,4525
4429,4527
4430,4528
4431,4529
4433,4531
4436,4534
4440,4538
4441,4539
4442,4540
4444,4542
4446,4544
4448,4546
4449,4547
4451,4549
4454,4552
4455,4553
4456,4554
4460,4558
4461,4559
4462,4560
4463,4561
4464,4562
4468,4566
4469,4567
4472,4570
4473,4571
4474,4572
4478,4576
4481,4579
4482,4580
4483,4581
4484,4582
4484,4926
4485,4583
4487,4585
4488,4586
4489,4587
4490,4588
4492,4590
4493,4591
4494,4592
4495,4593
4496,4594
4496,4680
4497,4595
4499,4597
4500,4598
4502,4600
4503,4601
4504,4602
4505,4603
4507,4605
4509,4607
4510,4608
4511,4609
4512,4610
4513,4611
4514,4612
4515,4613
4517,4615
4518,4616
4519,4617
4520,4618
4521,4619
4521,4623
4522,4620
4523,4621
4524,4622
4526,4624
4527,4625
4528,4626
4529,4627
4530,4628
4531,4629
4532,4630
4534,4632
4535,4633
4536,4635
4537,4636
4537,4914
4538,4637
4540,4639
4541,4640
4542,4641
4545,4644
4547,4646
4551,4650
4551,4753
4552,4651
4553,4652
4554,4653
4556,4655
4559,4658
4560,4659
4561,4660
4565,4664
4566,4665
4567,4666
4569,4668
4570,4669
4571,4670
4573,4672
4574,4673
4577,4676
4580,4679
4580,5007
4585,4684
4587,4686
4590,4689
4593,4692
4594,4693
4597,4696
4598,4697
4599,4698
4600,4699
4601,4700
4602,4701
4603,4702
4604,4703
4605,4704
4606,4705
4607,4706
4608,4707
4609,4708
4612,4711
4613,4712
4614,4713
4615,4714
4616,4715
4616,4764
4617,4716
4618,4717
4619,4718
4621,4720
4622,4721
4623,4722
4625,4724
4625,4837
4626,4725
4628,4727
4629,4728
4630,4729
4632,4731
4633,4732
4634,4733
4635,4734
4635,4738
4636,4735
4637,4736
4638,4737
4638,4863
4641,4740
4643,4742
4644,4743
4646,4745
4646,4979
4647,4746
4649,4748
4650,4749
4652,4751
4655,4754
4656,4755
4657,4756
4658,4757
4659,4758
4661,4760
4664,4763
4667,4766
4668,4767
4669,4768
4671,4770
4672,4771
4673,4772
4675,4774
4676,4775
4676,4883
4677,4776
4678,4777
4683,4782
4684,4783
4685,4784
4686,4785
4687,4786
4688,4787
4690,4789
4691,4790
4698,4797
4699,4799
4700,4800
4701,4801
4702,4802
4704,4805
4706,4807
4707,4808
4708,4809
4709,4810
4710,4811
4711,4812
4713,4814
4714,4815
4715,4816
4716,4817
4717,4818
4718,4820
4721,4823
4723,4825
4724,4826
4726,4828
4729,4831
4732,4834
4733,4835
4733,4952
4734,4836
4736,4838
4738,4840
4739,4841
4741,4843
4742,4844
4743,4845
4744,4846
4745,4847
4747,4849
4748,4850
4749,4851
4752,4854
4754,4856
4756,4858
4757,4859
4759,4861
4760,4862
4762,4864
4763,4865
4765,4867
4767,4870
4769,4872
4770,4873
4771,4874
4772,4875
4773,4876
4774,4877
4775,4878
4776,4879
4777,4880
4778,4881
4781,4884
4783,4886
4784,4887
4786,4889
4787,4890
4788,4891
4789,4892
4795,4898
4796,4899
4797,4900
4800,4903
4801,4904
4803,4906
4807,4910
4808,4911
4809,4912
4810,4913
4812,4915
4813,4916
4814,4917
4815,4918
4816,4919
4817,4920
4818,4921
4819,4922
4821,4924
4822,4925
4825,4928
4826,4929
4829,4932
4830,4933
4831,4934
4832,4935
4834,4937
4835,4938
4836,4939
4837,4940
4840,4943
4842,4945
4843,4946
4844,4947
4845,4948
4846,4949
4846,4950
4850,4953
4851,4954
4853,4956
4855,4958
4856,4959
4858,4961
4859,4962
4860,4963
4861,4964
4862,4965
4863,4966
4864,4967
4865,4968
4866,4969
4867,4970
4869,4972
4871,4974
4872,4975
4873,4976
4875,4978
4877,4980
4878,4981
4879,4982
4882,4985
4883,4986
4884,4987
4885,4988
4886,4989
4887,4990
4888,4991
4889,4992
4890,4993
4891,4994
4892,4995
4893,4996
4895,4998
4896,4999
4897,5000
4897,5017
4899,5002
4900,5003
4901,5004
4902,5005
4902,5010
4903,5006
4906,5009
4910,5013
4913,5016
4916,5019
4917,5020
4919,5022
4920,5023
4921,5024
4924,5027
4925,5028
4926,5029
4927,5030
4928,5031
4929,5032
4930,5033
4931,5034
4933,5036
4935,5038
4936,5040
4937,5041
